"Type","Incidents","startDate","endDate","Year"
"Alarm checks",10,2023-03-27,2023-04-02,2023
"Animal issue responses",0,2023-03-27,2023-04-02,2023
"AOD interactions",1,2023-03-27,2023-04-02,2023
"Building patrols",325,2023-03-27,2023-04-02,2023
"Candle/incense violation interactions",0,2023-03-27,2023-04-02,2023
"Community assistance responses",1,2023-03-27,2023-04-02,2023
"Escorts",4,2023-03-27,2023-04-02,2023
"Fire responses",0,2023-03-27,2023-04-02,2023
"Foot patrols",159,2023-03-27,2023-04-02,2023
"Held door checks",4,2023-03-27,2023-04-02,2023
"Maintenance issue responses",1,2023-03-27,2023-04-02,2023
"Medical assistance responses",3,2023-03-27,2023-04-02,2023
"Noise complaint responses",0,2023-03-27,2023-04-02,2023
"Suspicious circumstance responses",10,2023-03-27,2023-04-02,2023
"Theft reports taken",0,2023-03-27,2023-04-02,2023
"Unlocks",84,2023-03-27,2023-04-02,2023
"Vehicle patrols",266,2023-03-27,2023-04-02,2023
"Vehicle assistance responses",1,2023-03-27,2023-04-02,2023
"Welfare check responses",1,2023-03-27,2023-04-02,2023
"Alarm checks",10,2023-03-20,2023-03-26,2023
"Animal issue responses",0,2023-03-20,2023-03-26,2023
"AOD interactions",1,2023-03-20,2023-03-26,2023
"Building patrols",299,2023-03-20,2023-03-26,2023
"Candle/incense violation interactions",0,2023-03-20,2023-03-26,2023
"Community assistance responses",0,2023-03-20,2023-03-26,2023
"Escorts",4,2023-03-20,2023-03-26,2023
"Fire responses",0,2023-03-20,2023-03-26,2023
"Foot patrols",185,2023-03-20,2023-03-26,2023
"Held door checks",12,2023-03-20,2023-03-26,2023
"Maintenance issue responses",4,2023-03-20,2023-03-26,2023
"Medical assistance responses",2,2023-03-20,2023-03-26,2023
"Noise complaint responses",1,2023-03-20,2023-03-26,2023
"Suspicious circumstance responses",5,2023-03-20,2023-03-26,2023
"Theft reports taken",1,2023-03-20,2023-03-26,2023
"Unlocks",70,2023-03-20,2023-03-26,2023
"Vehicle patrols",226,2023-03-20,2023-03-26,2023
"Vehicle assistance responses",5,2023-03-20,2023-03-26,2023
"Welfare check responses",3,2023-03-20,2023-03-26,2023
"Alarm checks",5,2023-03-13,2023-03-19,2023
"Animal issue responses",0,2023-03-13,2023-03-19,2023
"AOD interactions",0,2023-03-13,2023-03-19,2023
"Building patrols",285,2023-03-13,2023-03-19,2023
"Candle/incense violation interactions",0,2023-03-13,2023-03-19,2023
"Community assistance responses",1,2023-03-13,2023-03-19,2023
"Escorts",3,2023-03-13,2023-03-19,2023
"Fire responses",0,2023-03-13,2023-03-19,2023
"Foot patrols",162,2023-03-13,2023-03-19,2023
"Held door checks",11,2023-03-13,2023-03-19,2023
"Maintenance issue responses",1,2023-03-13,2023-03-19,2023
"Medical assistance responses",4,2023-03-13,2023-03-19,2023
"Noise complaint responses",0,2023-03-13,2023-03-19,2023
"Suspicious circumstance responses",10,2023-03-13,2023-03-19,2023
"Theft reports taken",0,2023-03-13,2023-03-19,2023
"Unlocks",73,2023-03-13,2023-03-19,2023
"Vehicle patrols",252,2023-03-13,2023-03-19,2023
"Vehicle assistance responses",2,2023-03-13,2023-03-19,2023
"Welfare check responses",1,2023-03-13,2023-03-19,2023
"Alarm checks",5,2023-03-06,2023-03-12,2023
"Animal issue responses",0,2023-03-06,2023-03-12,2023
"AOD interactions",4,2023-03-06,2023-03-12,2023
"Building patrols",366,2023-03-06,2023-03-12,2023
"Candle/incense violation interactions",0,2023-03-06,2023-03-12,2023
"Community assistance responses",1,2023-03-06,2023-03-12,2023
"Escorts",6,2023-03-06,2023-03-12,2023
"Fire responses",0,2023-03-06,2023-03-12,2023
"Foot patrols",192,2023-03-06,2023-03-12,2023
"Held door checks",8,2023-03-06,2023-03-12,2023
"Maintenance issue responses",2,2023-03-06,2023-03-12,2023
"Medical assistance responses",5,2023-03-06,2023-03-12,2023
"Noise complaint responses",0,2023-03-06,2023-03-12,2023
"Suspicious circumstance responses",8,2023-03-06,2023-03-12,2023
"Theft reports taken",1,2023-03-06,2023-03-12,2023
"Unlocks",61,2023-03-06,2023-03-12,2023
"Vehicle patrols",262,2023-03-06,2023-03-12,2023
"Vehicle assistance responses",5,2023-03-06,2023-03-12,2023
"Welfare check responses",0,2023-03-06,2023-03-12,2023
"Alarm checks",4,2023-02-27,2023-03-05,2023
"Animal issue responses",1,2023-02-27,2023-03-05,2023
"AOD interactions",1,2023-02-27,2023-03-05,2023
"Building patrols",326,2023-02-27,2023-03-05,2023
"Candle/incense violation interactions",0,2023-02-27,2023-03-05,2023
"Community assistance responses",6,2023-02-27,2023-03-05,2023
"Escorts",2,2023-02-27,2023-03-05,2023
"Fire responses",0,2023-02-27,2023-03-05,2023
"Foot patrols",183,2023-02-27,2023-03-05,2023
"Held door checks",7,2023-02-27,2023-03-05,2023
"Maintenance issue responses",3,2023-02-27,2023-03-05,2023
"Medical assistance responses",6,2023-02-27,2023-03-05,2023
"Noise complaint responses",0,2023-02-27,2023-03-05,2023
"Suspicious circumstance responses",9,2023-02-27,2023-03-05,2023
"Theft reports taken",0,2023-02-27,2023-03-05,2023
"Unlocks",91,2023-02-27,2023-03-05,2023
"Vehicle patrols",252,2023-02-27,2023-03-05,2023
"Vehicle assistance responses",0,2023-02-27,2023-03-05,2023
"Welfare check responses",0,2023-02-27,2023-03-05,2023
"Alarm checks",8,2023-02-20,2023-02-26,2023
"Animal issue responses",0,2023-02-20,2023-02-26,2023
"AOD interactions",0,2023-02-20,2023-02-26,2023
"Building patrols",298,2023-02-20,2023-02-26,2023
"Candle/incense violation interactions",0,2023-02-20,2023-02-26,2023
"Community assistance responses",1,2023-02-20,2023-02-26,2023
"Escorts",3,2023-02-20,2023-02-26,2023
"Fire responses",0,2023-02-20,2023-02-26,2023
"Foot patrols",225,2023-02-20,2023-02-26,2023
"Held door checks",10,2023-02-20,2023-02-26,2023
"Maintenance issue responses",0,2023-02-20,2023-02-26,2023
"Medical assistance responses",1,2023-02-20,2023-02-26,2023
"Noise complaint responses",1,2023-02-20,2023-02-26,2023
"Suspicious circumstance responses",5,2023-02-20,2023-02-26,2023
"Theft reports taken",0,2023-02-20,2023-02-26,2023
"Unlocks",75,2023-02-20,2023-02-26,2023
"Vehicle patrols",216,2023-02-20,2023-02-26,2023
"Vehicle assistance responses",0,2023-02-20,2023-02-26,2023
"Welfare check responses",0,2023-02-20,2023-02-26,2023
"Alarm checks",8,2023-02-13,2023-02-19,2023
"Animal issue responses",0,2023-02-13,2023-02-19,2023
"AOD interactions",0,2023-02-13,2023-02-19,2023
"Building patrols",378,2023-02-13,2023-02-19,2023
"Candle/incense violation interactions",0,2023-02-13,2023-02-19,2023
"Community assistance responses",1,2023-02-13,2023-02-19,2023
"Escorts",4,2023-02-13,2023-02-19,2023
"Fire responses",0,2023-02-13,2023-02-19,2023
"Foot patrols",191,2023-02-13,2023-02-19,2023
"Held door checks",12,2023-02-13,2023-02-19,2023
"Maintenance issue responses",0,2023-02-13,2023-02-19,2023
"Medical assistance responses",3,2023-02-13,2023-02-19,2023
"Noise complaint responses",2,2023-02-13,2023-02-19,2023
"Suspicious circumstance responses",9,2023-02-13,2023-02-19,2023
"Theft reports taken",3,2023-02-13,2023-02-19,2023
"Unlocks",76,2023-02-13,2023-02-19,2023
"Vehicle patrols",271,2023-02-13,2023-02-19,2023
"Vehicle assistance responses",1,2023-02-13,2023-02-19,2023
"Welfare check responses",1,2023-02-13,2023-02-19,2023
"Alarm checks",4,2023-02-06,2023-02-12,2023
"Animal issue responses",0,2023-02-06,2023-02-12,2023
"AOD interactions",1,2023-02-06,2023-02-12,2023
"Building patrols",320,2023-02-06,2023-02-12,2023
"Candle/incense violation interactions",0,2023-02-06,2023-02-12,2023
"Community assistance responses",4,2023-02-06,2023-02-12,2023
"Escorts",4,2023-02-06,2023-02-12,2023
"Fire responses",0,2023-02-06,2023-02-12,2023
"Foot patrols",234,2023-02-06,2023-02-12,2023
"Held door checks",4,2023-02-06,2023-02-12,2023
"Maintenance issue responses",2,2023-02-06,2023-02-12,2023
"Medical assistance responses",3,2023-02-06,2023-02-12,2023
"Noise complaint responses",1,2023-02-06,2023-02-12,2023
"Suspicious circumstance responses",10,2023-02-06,2023-02-12,2023
"Theft reports taken",0,2023-02-06,2023-02-12,2023
"Unlocks",59,2023-02-06,2023-02-12,2023
"Vehicle patrols",283,2023-02-06,2023-02-12,2023
"Vehicle assistance responses",3,2023-02-06,2023-02-12,2023
"Welfare check responses",1,2023-02-06,2023-02-12,2023
"Alarm checks",17,2023-01-30,2023-02-05,2023
"Animal issue responses",0,2023-01-30,2023-02-05,2023
"AOD interactions",1,2023-01-30,2023-02-05,2023
"Building patrols",317,2023-01-30,2023-02-05,2023
"Candle/incense violation interactions",0,2023-01-30,2023-02-05,2023
"Community assistance responses",0,2023-01-30,2023-02-05,2023
"Escorts",1,2023-01-30,2023-02-05,2023
"Fire responses",0,2023-01-30,2023-02-05,2023
"Foot patrols",208,2023-01-30,2023-02-05,2023
"Held door checks",3,2023-01-30,2023-02-05,2023
"Maintenance issue responses",2,2023-01-30,2023-02-05,2023
"Medical assistance responses",2,2023-01-30,2023-02-05,2023
"Noise complaint responses",0,2023-01-30,2023-02-05,2023
"Suspicious circumstance responses",16,2023-01-30,2023-02-05,2023
"Theft reports taken",1,2023-01-30,2023-02-05,2023
"Unlocks",75,2023-01-30,2023-02-05,2023
"Vehicle patrols",284,2023-01-30,2023-02-05,2023
"Vehicle assistance responses",3,2023-01-30,2023-02-05,2023
"Welfare check responses",0,2023-01-30,2023-02-05,2023
"Alarm checks",6,2023-01-23,2023-01-29,2023
"Animal issue responses",0,2023-01-23,2023-01-29,2023
"AOD interactions",4,2023-01-23,2023-01-29,2023
"Building patrols",351,2023-01-23,2023-01-29,2023
"Candle/incense violation interactions",0,2023-01-23,2023-01-29,2023
"Community assistance responses",5,2023-01-23,2023-01-29,2023
"Escorts",3,2023-01-23,2023-01-29,2023
"Fire responses",0,2023-01-23,2023-01-29,2023
"Foot patrols",193,2023-01-23,2023-01-29,2023
"Held door checks",11,2023-01-23,2023-01-29,2023
"Maintenance issue responses",2,2023-01-23,2023-01-29,2023
"Medical assistance responses",1,2023-01-23,2023-01-29,2023
"Noise complaint responses",2,2023-01-23,2023-01-29,2023
"Suspicious circumstance responses",23,2023-01-23,2023-01-29,2023
"Theft reports taken",1,2023-01-23,2023-01-29,2023
"Unlocks",85,2023-01-23,2023-01-29,2023
"Vehicle patrols",307,2023-01-23,2023-01-29,2023
"Vehicle assistance responses",0,2023-01-23,2023-01-29,2023
"Welfare check responses",0,2023-01-23,2023-01-29,2023
"Alarm checks",17,2023-01-16,2023-01-22,2023
"Animal issue responses",0,2023-01-16,2023-01-22,2023
"AOD interactions",2,2023-01-16,2023-01-22,2023
"Building patrols",368,2023-01-16,2023-01-22,2023
"Candle/incense violation interactions",0,2023-01-16,2023-01-22,2023
"Community assistance responses",1,2023-01-16,2023-01-22,2023
"Escorts",4,2023-01-16,2023-01-22,2023
"Fire responses",0,2023-01-16,2023-01-22,2023
"Foot patrols",240,2023-01-16,2023-01-22,2023
"Held door checks",14,2023-01-16,2023-01-22,2023
"Maintenance issue responses",4,2023-01-16,2023-01-22,2023
"Medical assistance responses",1,2023-01-16,2023-01-22,2023
"Noise complaint responses",0,2023-01-16,2023-01-22,2023
"Suspicious circumstance responses",7,2023-01-16,2023-01-22,2023
"Theft reports taken",2,2023-01-16,2023-01-22,2023
"Unlocks",117,2023-01-16,2023-01-22,2023
"Vehicle patrols",280,2023-01-16,2023-01-22,2023
"Vehicle assistance responses",3,2023-01-16,2023-01-22,2023
"Welfare check responses",2,2023-01-16,2023-01-22,2023
"Alarm checks",5,2023-01-09,2023-01-15,2023
"Animal issue responses",0,2023-01-09,2023-01-15,2023
"AOD interactions",0,2023-01-09,2023-01-15,2023
"Building patrols",288,2023-01-09,2023-01-15,2023
"Candle/incense violation interactions",0,2023-01-09,2023-01-15,2023
"Community assistance responses",0,2023-01-09,2023-01-15,2023
"Escorts",3,2023-01-09,2023-01-15,2023
"Fire responses",0,2023-01-09,2023-01-15,2023
"Foot patrols",179,2023-01-09,2023-01-15,2023
"Held door checks",10,2023-01-09,2023-01-15,2023
"Maintenance issue responses",2,2023-01-09,2023-01-15,2023
"Medical assistance responses",1,2023-01-09,2023-01-15,2023
"Noise complaint responses",0,2023-01-09,2023-01-15,2023
"Suspicious circumstance responses",9,2023-01-09,2023-01-15,2023
"Theft reports taken",0,2023-01-09,2023-01-15,2023
"Unlocks",98,2023-01-09,2023-01-15,2023
"Vehicle patrols",266,2023-01-09,2023-01-15,2023
"Vehicle assistance responses",0,2023-01-09,2023-01-15,2023
"Welfare check responses",1,2023-01-09,2023-01-15,2023
"Alarm checks",13,2023-01-01,2023-01-08,2023
"Animal issue responses",1,2023-01-01,2023-01-08,2023
"AOD interactions",0,2023-01-01,2023-01-08,2023
"Building patrols",313,2023-01-01,2023-01-08,2023
"Candle/incense violation interactions",0,2023-01-01,2023-01-08,2023
"Community assistance responses",0,2023-01-01,2023-01-08,2023
"Escorts",3,2023-01-01,2023-01-08,2023
"Fire responses",0,2023-01-01,2023-01-08,2023
"Foot patrols",151,2023-01-01,2023-01-08,2023
"Held door checks",3,2023-01-01,2023-01-08,2023
"Maintenance issue responses",2,2023-01-01,2023-01-08,2023
"Medical assistance responses",1,2023-01-01,2023-01-08,2023
"Noise complaint responses",0,2023-01-01,2023-01-08,2023
"Suspicious circumstance responses",7,2023-01-01,2023-01-08,2023
"Theft reports taken",1,2023-01-01,2023-01-08,2023
"Unlocks",30,2023-01-01,2023-01-08,2023
"Vehicle patrols",259,2023-01-01,2023-01-08,2023
"Vehicle assistance responses",0,2023-01-01,2023-01-08,2023
"Welfare check responses",0,2023-01-01,2023-01-08,2023
"Alarm checks",2,2022-12-26,2022-12-31,2022
"Animal issue responses",0,2022-12-26,2022-12-31,2022
"AOD interactions",0,2022-12-26,2022-12-31,2022
"Building patrols",179,2022-12-26,2022-12-31,2022
"Candle/incense violation interactions",0,2022-12-26,2022-12-31,2022
"Community assistance responses",2,2022-12-26,2022-12-31,2022
"Escorts",0,2022-12-26,2022-12-31,2022
"Fire responses",0,2022-12-26,2022-12-31,2022
"Foot patrols",140,2022-12-26,2022-12-31,2022
"Held door checks",4,2022-12-26,2022-12-31,2022
"Maintenance issue responses",0,2022-12-26,2022-12-31,2022
"Medical assistance responses",0,2022-12-26,2022-12-31,2022
"Noise complaint responses",0,2022-12-26,2022-12-31,2022
"Suspicious circumstance responses",1,2022-12-26,2022-12-31,2022
"Theft reports taken",0,2022-12-26,2022-12-31,2022
"Unlocks",18,2022-12-26,2022-12-31,2022
"Vehicle patrols",178,2022-12-26,2022-12-31,2022
"Vehicle assistance responses",0,2022-12-26,2022-12-31,2022
"Welfare check responses",1,2022-12-26,2022-12-31,2022
"Alarm checks",18,2022-12-19,2022-12-25,2022
"Animal issue responses",0,2022-12-19,2022-12-25,2022
"AOD interactions",0,2022-12-19,2022-12-25,2022
"Building patrols",274,2022-12-19,2022-12-25,2022
"Candle/incense violation interactions",0,2022-12-19,2022-12-25,2022
"Community assistance responses",2,2022-12-19,2022-12-25,2022
"Escorts",3,2022-12-19,2022-12-25,2022
"Fire responses",0,2022-12-19,2022-12-25,2022
"Foot patrols",178,2022-12-19,2022-12-25,2022
"Held door checks",4,2022-12-19,2022-12-25,2022
"Maintenance issue responses",1,2022-12-19,2022-12-25,2022
"Medical assistance responses",0,2022-12-19,2022-12-25,2022
"Noise complaint responses",0,2022-12-19,2022-12-25,2022
"Suspicious circumstance responses",12,2022-12-19,2022-12-25,2022
"Theft reports taken",1,2022-12-19,2022-12-25,2022
"Unlocks",21,2022-12-19,2022-12-25,2022
"Vehicle patrols",247,2022-12-19,2022-12-25,2022
"Vehicle assistance responses",1,2022-12-19,2022-12-25,2022
"Welfare check responses",0,2022-12-19,2022-12-25,2022
"Alarm checks",14,2022-12-12,2022-12-18,2022
"Animal issue responses",0,2022-12-12,2022-12-18,2022
"AOD interactions",0,2022-12-12,2022-12-18,2022
"Building patrols",288,2022-12-12,2022-12-18,2022
"Candle/incense violation interactions",0,2022-12-12,2022-12-18,2022
"Community assistance responses",0,2022-12-12,2022-12-18,2022
"Escorts",3,2022-12-12,2022-12-18,2022
"Fire responses",0,2022-12-12,2022-12-18,2022
"Foot patrols",245,2022-12-12,2022-12-18,2022
"Held door checks",17,2022-12-12,2022-12-18,2022
"Maintenance issue responses",1,2022-12-12,2022-12-18,2022
"Medical assistance responses",1,2022-12-12,2022-12-18,2022
"Noise complaint responses",2,2022-12-12,2022-12-18,2022
"Suspicious circumstance responses",6,2022-12-12,2022-12-18,2022
"Theft reports taken",1,2022-12-12,2022-12-18,2022
"Unlocks",70,2022-12-12,2022-12-18,2022
"Vehicle patrols",213,2022-12-12,2022-12-18,2022
"Vehicle assistance responses",3,2022-12-12,2022-12-18,2022
"Welfare check responses",3,2022-12-12,2022-12-18,2022
"Alarm checks",15,2022-12-05,2022-12-11,2022
"Animal issue responses",0,2022-12-05,2022-12-11,2022
"AOD interactions",1,2022-12-05,2022-12-11,2022
"Building patrols",278,2022-12-05,2022-12-11,2022
"Candle/incense violation interactions",0,2022-12-05,2022-12-11,2022
"Community assistance responses",4,2022-12-05,2022-12-11,2022
"Escorts",4,2022-12-05,2022-12-11,2022
"Fire responses",0,2022-12-05,2022-12-11,2022
"Foot patrols",196,2022-12-05,2022-12-11,2022
"Held door checks",3,2022-12-05,2022-12-11,2022
"Maintenance issue responses",5,2022-12-05,2022-12-11,2022
"Medical assistance responses",3,2022-12-05,2022-12-11,2022
"Noise complaint responses",4,2022-12-05,2022-12-11,2022
"Suspicious circumstance responses",12,2022-12-05,2022-12-11,2022
"Theft reports taken",0,2022-12-05,2022-12-11,2022
"Unlocks",66,2022-12-05,2022-12-11,2022
"Vehicle patrols",268,2022-12-05,2022-12-11,2022
"Vehicle assistance responses",6,2022-12-05,2022-12-11,2022
"Welfare check responses",0,2022-12-05,2022-12-11,2022
"Alarm checks",14,2022-11-21,2022-11-27,2022
"Animal issue responses",0,2022-11-21,2022-11-27,2022
"AOD interactions",1,2022-11-21,2022-11-27,2022
"Building patrols",209,2022-11-21,2022-11-27,2022
"Candle/incense violation interactions",0,2022-11-21,2022-11-27,2022
"Community assistance responses",0,2022-11-21,2022-11-27,2022
"Escorts",2,2022-11-21,2022-11-27,2022
"Fire responses",0,2022-11-21,2022-11-27,2022
"Foot patrols",202,2022-11-21,2022-11-27,2022
"Held door checks",9,2022-11-21,2022-11-27,2022
"Maintenance issue responses",3,2022-11-21,2022-11-27,2022
"Medical assistance responses",1,2022-11-21,2022-11-27,2022
"Noise complaint responses",2,2022-11-21,2022-11-27,2022
"Suspicious circumstance responses",18,2022-11-21,2022-11-27,2022
"Theft reports taken",0,2022-11-21,2022-11-27,2022
"Unlocks",58,2022-11-21,2022-11-27,2022
"Vehicle patrols",263,2022-11-21,2022-11-27,2022
"Vehicle assistance responses",3,2022-11-21,2022-11-27,2022
"Welfare check responses",0,2022-11-21,2022-11-27,2022
"Alarm checks",10,2022-11-14,2022-11-20,2022
"Animal issue responses",1,2022-11-14,2022-11-20,2022
"AOD interactions",2,2022-11-14,2022-11-20,2022
"Building patrols",178,2022-11-14,2022-11-20,2022
"Candle/incense violation interactions",0,2022-11-14,2022-11-20,2022
"Community assistance responses",1,2022-11-14,2022-11-20,2022
"Escorts",0,2022-11-14,2022-11-20,2022
"Fire responses",0,2022-11-14,2022-11-20,2022
"Foot patrols",190,2022-11-14,2022-11-20,2022
"Held door checks",13,2022-11-14,2022-11-20,2022
"Maintenance issue responses",2,2022-11-14,2022-11-20,2022
"Medical assistance responses",0,2022-11-14,2022-11-20,2022
"Noise complaint responses",0,2022-11-14,2022-11-20,2022
"Suspicious circumstance responses",13,2022-11-14,2022-11-20,2022
"Theft reports taken",3,2022-11-14,2022-11-20,2022
"Unlocks",81,2022-11-14,2022-11-20,2022
"Vehicle patrols",235,2022-11-14,2022-11-20,2022
"Vehicle assistance responses",4,2022-11-14,2022-11-20,2022
"Welfare check responses",1,2022-11-14,2022-11-20,2022
"Alarm checks",15,2022-11-07,2022-11-13,2022
"Animal issue responses",0,2022-11-07,2022-11-13,2022
"AOD interactions",1,2022-11-07,2022-11-13,2022
"Building patrols",179,2022-11-07,2022-11-13,2022
"Candle/incense violation interactions",0,2022-11-07,2022-11-13,2022
"Community assistance responses",3,2022-11-07,2022-11-13,2022
"Escorts",5,2022-11-07,2022-11-13,2022
"Fire responses",1,2022-11-07,2022-11-13,2022
"Foot patrols",168,2022-11-07,2022-11-13,2022
"Held door checks",14,2022-11-07,2022-11-13,2022
"Maintenance issue responses",4,2022-11-07,2022-11-13,2022
"Medical assistance responses",1,2022-11-07,2022-11-13,2022
"Noise complaint responses",0,2022-11-07,2022-11-13,2022
"Suspicious circumstance responses",3,2022-11-07,2022-11-13,2022
"Theft reports taken",2,2022-11-07,2022-11-13,2022
"Unlocks",81,2022-11-07,2022-11-13,2022
"Vehicle patrols",213,2022-11-07,2022-11-13,2022
"Vehicle assistance responses",1,2022-11-07,2022-11-13,2022
"Welfare check responses",1,2022-11-07,2022-11-13,2022
"Alarm checks",7,2022-10-31,2022-11-06,2022
"Animal issue responses",0,2022-10-31,2022-11-06,2022
"AOD interactions",3,2022-10-31,2022-11-06,2022
"Building patrols",140,2022-10-31,2022-11-06,2022
"Candle/incense violation interactions",0,2022-10-31,2022-11-06,2022
"Community assistance responses",4,2022-10-31,2022-11-06,2022
"Escorts",2,2022-10-31,2022-11-06,2022
"Fire responses",0,2022-10-31,2022-11-06,2022
"Foot patrols",168,2022-10-31,2022-11-06,2022
"Held door checks",20,2022-10-31,2022-11-06,2022
"Maintenance issue responses",1,2022-10-31,2022-11-06,2022
"Medical assistance responses",2,2022-10-31,2022-11-06,2022
"Noise complaint responses",1,2022-10-31,2022-11-06,2022
"Suspicious circumstance responses",20,2022-10-31,2022-11-06,2022
"Theft reports taken",2,2022-10-31,2022-11-06,2022
"Unlocks",68,2022-10-31,2022-11-06,2022
"Vehicle patrols",191,2022-10-31,2022-11-06,2022
"Vehicle assistance responses",2,2022-10-31,2022-11-06,2022
"Welfare check responses",2,2022-10-31,2022-11-06,2022
"Alarm checks",9,2022-10-24,2022-10-30,2022
"Animal issue responses",0,2022-10-24,2022-10-30,2022
"AOD interactions",1,2022-10-24,2022-10-30,2022
"Building patrols",166,2022-10-24,2022-10-30,2022
"Candle/incense violation interactions",0,2022-10-24,2022-10-30,2022
"Community assistance responses",2,2022-10-24,2022-10-30,2022
"Escorts",5,2022-10-24,2022-10-30,2022
"Fire responses",0,2022-10-24,2022-10-30,2022
"Foot patrols",177,2022-10-24,2022-10-30,2022
"Held door checks",12,2022-10-24,2022-10-30,2022
"Maintenance issue responses",0,2022-10-24,2022-10-30,2022
"Medical assistance responses",3,2022-10-24,2022-10-30,2022
"Noise complaint responses",3,2022-10-24,2022-10-30,2022
"Suspicious circumstance responses",3,2022-10-24,2022-10-30,2022
"Theft reports taken",4,2022-10-24,2022-10-30,2022
"Unlocks",108,2022-10-24,2022-10-30,2022
"Vehicle patrols",223,2022-10-24,2022-10-30,2022
"Vehicle assistance responses",1,2022-10-24,2022-10-30,2022
"Welfare check responses",2,2022-10-24,2022-10-30,2022
"Alarm checks",7,2022-10-17,2022-10-23,2022
"Animal issue responses",1,2022-10-17,2022-10-23,2022
"AOD interactions",2,2022-10-17,2022-10-23,2022
"Building patrols",136,2022-10-17,2022-10-23,2022
"Candle/incense violation interactions",0,2022-10-17,2022-10-23,2022
"Community assistance responses",1,2022-10-17,2022-10-23,2022
"Escorts",0,2022-10-17,2022-10-23,2022
"Fire responses",0,2022-10-17,2022-10-23,2022
"Foot patrols",212,2022-10-17,2022-10-23,2022
"Held door checks",6,2022-10-17,2022-10-23,2022
"Maintenance issue responses",0,2022-10-17,2022-10-23,2022
"Medical assistance responses",0,2022-10-17,2022-10-23,2022
"Noise complaint responses",1,2022-10-17,2022-10-23,2022
"Suspicious circumstance responses",4,2022-10-17,2022-10-23,2022
"Theft reports taken",0,2022-10-17,2022-10-23,2022
"Unlocks",67,2022-10-17,2022-10-23,2022
"Vehicle patrols",221,2022-10-17,2022-10-23,2022
"Vehicle assistance responses",0,2022-10-17,2022-10-23,2022
"Welfare check responses",1,2022-10-17,2022-10-23,2022
"Alarm checks",4,2022-10-10,2022-10-16,2022
"Animal issue responses",0,2022-10-10,2022-10-16,2022
"AOD interactions",1,2022-10-10,2022-10-16,2022
"Building patrols",254,2022-10-10,2022-10-16,2022
"Candle/incense violation interactions",1,2022-10-10,2022-10-16,2022
"Community assistance responses",4,2022-10-10,2022-10-16,2022
"Escorts",3,2022-10-10,2022-10-16,2022
"Fire responses",0,2022-10-10,2022-10-16,2022
"Foot patrols",318,2022-10-10,2022-10-16,2022
"Held door checks",14,2022-10-10,2022-10-16,2022
"Maintenance issue responses",0,2022-10-10,2022-10-16,2022
"Medical assistance responses",2,2022-10-10,2022-10-16,2022
"Noise complaint responses",0,2022-10-10,2022-10-16,2022
"Suspicious circumstance responses",7,2022-10-10,2022-10-16,2022
"Theft reports taken",2,2022-10-10,2022-10-16,2022
"Unlocks",78,2022-10-10,2022-10-16,2022
"Vehicle patrols",170,2022-10-10,2022-10-16,2022
"Vehicle assistance responses",0,2022-10-10,2022-10-16,2022
"Welfare check responses",0,2022-10-10,2022-10-16,2022
"Alarm checks",7,2022-10-03,2022-10-09,2022
"Animal issue responses",0,2022-10-03,2022-10-09,2022
"AOD interactions",1,2022-10-03,2022-10-09,2022
"Building patrols",195,2022-10-03,2022-10-09,2022
"Candle/incense violation interactions",1,2022-10-03,2022-10-09,2022
"Community assistance responses",1,2022-10-03,2022-10-09,2022
"Escorts",10,2022-10-03,2022-10-09,2022
"Fire responses",1,2022-10-03,2022-10-09,2022
"Foot patrols",326,2022-10-03,2022-10-09,2022
"Held door checks",16,2022-10-03,2022-10-09,2022
"Maintenance issue responses",0,2022-10-03,2022-10-09,2022
"Medical assistance responses",2,2022-10-03,2022-10-09,2022
"Noise complaint responses",3,2022-10-03,2022-10-09,2022
"Suspicious circumstance responses",17,2022-10-03,2022-10-09,2022
"Theft reports taken",1,2022-10-03,2022-10-09,2022
"Unlocks",85,2022-10-03,2022-10-09,2022
"Vehicle patrols",163,2022-10-03,2022-10-09,2022
"Vehicle assistance responses",1,2022-10-03,2022-10-09,2022
"Welfare check responses",1,2022-10-03,2022-10-09,2022
"Alarm checks",5,2022-09-26,2022-10-02,2022
"Animal issue responses",0,2022-09-26,2022-10-02,2022
"AOD interactions",1,2022-09-26,2022-10-02,2022
"Building patrols",200,2022-09-26,2022-10-02,2022
"Candle/incense violation interactions",0,2022-09-26,2022-10-02,2022
"Community assistance responses",1,2022-09-26,2022-10-02,2022
"Escorts",2,2022-09-26,2022-10-02,2022
"Fire responses",0,2022-09-26,2022-10-02,2022
"Foot patrols",260,2022-09-26,2022-10-02,2022
"Held door checks",3,2022-09-26,2022-10-02,2022
"Maintenance issue responses",1,2022-09-26,2022-10-02,2022
"Medical assistance responses",6,2022-09-26,2022-10-02,2022
"Noise complaint responses",2,2022-09-26,2022-10-02,2022
"Suspicious circumstance responses",5,2022-09-26,2022-10-02,2022
"Theft reports taken",4,2022-09-26,2022-10-02,2022
"Unlocks",78,2022-09-26,2022-10-02,2022
"Vehicle patrols",130,2022-09-26,2022-10-02,2022
"Vehicle assistance responses",1,2022-09-26,2022-10-02,2022
"Welfare check responses",3,2022-09-26,2022-10-02,2022
"Alarm checks",8,2022-09-19,2022-09-25,2022
"Animal issue responses",0,2022-09-19,2022-09-25,2022
"AOD interactions",1,2022-09-19,2022-09-25,2022
"Building patrols",192,2022-09-19,2022-09-25,2022
"Candle/incense violation interactions",0,2022-09-19,2022-09-25,2022
"Community assistance responses",3,2022-09-19,2022-09-25,2022
"Escorts",4,2022-09-19,2022-09-25,2022
"Fire responses",0,2022-09-19,2022-09-25,2022
"Foot patrols",190,2022-09-19,2022-09-25,2022
"Held door checks",11,2022-09-19,2022-09-25,2022
"Maintenance issue responses",2,2022-09-19,2022-09-25,2022
"Medical assistance responses",4,2022-09-19,2022-09-25,2022
"Noise complaint responses",1,2022-09-19,2022-09-25,2022
"Suspicious circumstance responses",6,2022-09-19,2022-09-25,2022
"Theft reports taken",3,2022-09-19,2022-09-25,2022
"Unlocks",100,2022-09-19,2022-09-25,2022
"Vehicle patrols",184,2022-09-19,2022-09-25,2022
"Vehicle assistance responses",1,2022-09-19,2022-09-25,2022
"Welfare check responses",0,2022-09-19,2022-09-25,2022
"Alarm checks",10,2022-09-12,2022-09-18,2022
"Animal issue responses",0,2022-09-12,2022-09-18,2022
"AOD interactions",3,2022-09-12,2022-09-18,2022
"Building patrols",171,2022-09-12,2022-09-18,2022
"Candle/incense violation interactions",0,2022-09-12,2022-09-18,2022
"Community assistance responses",5,2022-09-12,2022-09-18,2022
"Escorts",5,2022-09-12,2022-09-18,2022
"Fire responses",0,2022-09-12,2022-09-18,2022
"Foot patrols",255,2022-09-12,2022-09-18,2022
"Held door checks",16,2022-09-12,2022-09-18,2022
"Maintenance issue responses",4,2022-09-12,2022-09-18,2022
"Medical assistance responses",1,2022-09-12,2022-09-18,2022
"Noise complaint responses",0,2022-09-12,2022-09-18,2022
"Suspicious circumstance responses",18,2022-09-12,2022-09-18,2022
"Theft reports taken",2,2022-09-12,2022-09-18,2022
"Unlocks",76,2022-09-12,2022-09-18,2022
"Vehicle patrols",230,2022-09-12,2022-09-18,2022
"Vehicle assistance responses",0,2022-09-12,2022-09-18,2022
"Welfare check responses",0,2022-09-12,2022-09-18,2022
"Alarm checks",10,2022-09-05,2022-09-11,2022
"Animal issue responses",0,2022-09-05,2022-09-11,2022
"AOD interactions",2,2022-09-05,2022-09-11,2022
"Building patrols",144,2022-09-05,2022-09-11,2022
"Candle/incense violation interactions",0,2022-09-05,2022-09-11,2022
"Community assistance responses",2,2022-09-05,2022-09-11,2022
"Escorts",2,2022-09-05,2022-09-11,2022
"Fire responses",0,2022-09-05,2022-09-11,2022
"Foot patrols",170,2022-09-05,2022-09-11,2022
"Held door checks",13,2022-09-05,2022-09-11,2022
"Maintenance issue responses",1,2022-09-05,2022-09-11,2022
"Medical assistance responses",6,2022-09-05,2022-09-11,2022
"Noise complaint responses",0,2022-09-05,2022-09-11,2022
"Suspicious circumstance responses",6,2022-09-05,2022-09-11,2022
"Theft reports taken",0,2022-09-05,2022-09-11,2022
"Unlocks",119,2022-09-05,2022-09-11,2022
"Vehicle patrols",209,2022-09-05,2022-09-11,2022
"Vehicle assistance responses",2,2022-09-05,2022-09-11,2022
"Welfare check responses",2,2022-09-05,2022-09-11,2022
"Alarm checks",3,2022-08-29,2022-09-04,2022
"Animal issue responses",0,2022-08-29,2022-09-04,2022
"AOD interactions",0,2022-08-29,2022-09-04,2022
"Building patrols",124,2022-08-29,2022-09-04,2022
"Candle/incense violation interactions",0,2022-08-29,2022-09-04,2022
"Community assistance responses",8,2022-08-29,2022-09-04,2022
"Escorts",5,2022-08-29,2022-09-04,2022
"Fire responses",0,2022-08-29,2022-09-04,2022
"Foot patrols",204,2022-08-29,2022-09-04,2022
"Held door checks",10,2022-08-29,2022-09-04,2022
"Maintenance issue responses",0,2022-08-29,2022-09-04,2022
"Medical assistance responses",7,2022-08-29,2022-09-04,2022
"Noise complaint responses",1,2022-08-29,2022-09-04,2022
"Suspicious circumstance responses",12,2022-08-29,2022-09-04,2022
"Theft reports taken",0,2022-08-29,2022-09-04,2022
"Unlocks",121,2022-08-29,2022-09-04,2022
"Vehicle patrols",194,2022-08-29,2022-09-04,2022
"Vehicle assistance responses",2,2022-08-29,2022-09-04,2022
"Welfare check responses",3,2022-08-29,2022-09-04,2022
"Alarm checks",10,2022-08-22,2022-08-28,2022
"Animal issue responses",1,2022-08-22,2022-08-28,2022
"AOD interactions",4,2022-08-22,2022-08-28,2022
"Building patrols",193,2022-08-22,2022-08-28,2022
"Candle/incense violation interactions",0,2022-08-22,2022-08-28,2022
"Community assistance responses",3,2022-08-22,2022-08-28,2022
"Escorts",8,2022-08-22,2022-08-28,2022
"Fire responses",0,2022-08-22,2022-08-28,2022
"Foot patrols",372,2022-08-22,2022-08-28,2022
"Held door checks",14,2022-08-22,2022-08-28,2022
"Maintenance issue responses",2,2022-08-22,2022-08-28,2022
"Medical assistance responses",8,2022-08-22,2022-08-28,2022
"Noise complaint responses",3,2022-08-22,2022-08-28,2022
"Suspicious circumstance responses",16,2022-08-22,2022-08-28,2022
"Theft reports taken",3,2022-08-22,2022-08-28,2022
"Unlocks",178,2022-08-22,2022-08-28,2022
"Vehicle patrols",247,2022-08-22,2022-08-28,2022
"Vehicle assistance responses",2,2022-08-22,2022-08-28,2022
"Welfare check responses",1,2022-08-22,2022-08-28,2022
"Alarm checks",4,2022-08-15,2022-08-21,2022
"Animal issue responses",0,2022-08-15,2022-08-21,2022
"AOD interactions",1,2022-08-15,2022-08-21,2022
"Building patrols",175,2022-08-15,2022-08-21,2022
"Candle/incense violation interactions",0,2022-08-15,2022-08-21,2022
"Community assistance responses",3,2022-08-15,2022-08-21,2022
"Escorts",6,2022-08-15,2022-08-21,2022
"Fire responses",0,2022-08-15,2022-08-21,2022
"Foot patrols",241,2022-08-15,2022-08-21,2022
"Held door checks",8,2022-08-15,2022-08-21,2022
"Maintenance issue responses",2,2022-08-15,2022-08-21,2022
"Medical assistance responses",2,2022-08-15,2022-08-21,2022
"Noise complaint responses",0,2022-08-15,2022-08-21,2022
"Suspicious circumstance responses",5,2022-08-15,2022-08-21,2022
"Theft reports taken",3,2022-08-15,2022-08-21,2022
"Unlocks",49,2022-08-15,2022-08-21,2022
"Vehicle patrols",198,2022-08-15,2022-08-21,2022
"Vehicle assistance responses",1,2022-08-15,2022-08-21,2022
"Welfare check responses",0,2022-08-15,2022-08-21,2022
"Alarm checks",10,2022-08-08,2022-08-14,2022
"Animal issue responses",0,2022-08-08,2022-08-14,2022
"AOD interactions",2,2022-08-08,2022-08-14,2022
"Building patrols",136,2022-08-08,2022-08-14,2022
"Candle/incense violation interactions",0,2022-08-08,2022-08-14,2022
"Community assistance responses",0,2022-08-08,2022-08-14,2022
"Escorts",0,2022-08-08,2022-08-14,2022
"Fire responses",0,2022-08-08,2022-08-14,2022
"Foot patrols",243,2022-08-08,2022-08-14,2022
"Held door checks",8,2022-08-08,2022-08-14,2022
"Maintenance issue responses",2,2022-08-08,2022-08-14,2022
"Medical assistance responses",0,2022-08-08,2022-08-14,2022
"Noise complaint responses",0,2022-08-08,2022-08-14,2022
"Suspicious circumstance responses",9,2022-08-08,2022-08-14,2022
"Theft reports taken",0,2022-08-08,2022-08-14,2022
"Unlocks",64,2022-08-08,2022-08-14,2022
"Vehicle patrols",183,2022-08-08,2022-08-14,2022
"Vehicle assistance responses",1,2022-08-08,2022-08-14,2022
"Welfare check responses",0,2022-08-08,2022-08-14,2022
"Alarm checks",3,2022-08-01,2022-08-07,2022
"Animal issue responses",0,2022-08-01,2022-08-07,2022
"AOD interactions",0,2022-08-01,2022-08-07,2022
"Building patrols",92,2022-08-01,2022-08-07,2022
"Candle/incense violation interactions",0,2022-08-01,2022-08-07,2022
"Community assistance responses",0,2022-08-01,2022-08-07,2022
"Escorts",1,2022-08-01,2022-08-07,2022
"Fire responses",0,2022-08-01,2022-08-07,2022
"Foot patrols",209,2022-08-01,2022-08-07,2022
"Held door checks",11,2022-08-01,2022-08-07,2022
"Maintenance issue responses",1,2022-08-01,2022-08-07,2022
"Medical assistance responses",0,2022-08-01,2022-08-07,2022
"Noise complaint responses",0,2022-08-01,2022-08-07,2022
"Suspicious circumstance responses",10,2022-08-01,2022-08-07,2022
"Theft reports taken",2,2022-08-01,2022-08-07,2022
"Unlocks",59,2022-08-01,2022-08-07,2022
"Vehicle patrols",174,2022-08-01,2022-08-07,2022
"Vehicle assistance responses",1,2022-08-01,2022-08-07,2022
"Welfare check responses",0,2022-08-01,2022-08-07,2022
"Alarm checks",6,2022-07-25,2022-07-31,2022
"Animal issue responses",0,2022-07-25,2022-07-31,2022
"AOD interactions",1,2022-07-25,2022-07-31,2022
"Building patrols",153,2022-07-25,2022-07-31,2022
"Candle/incense violation interactions",0,2022-07-25,2022-07-31,2022
"Community assistance responses",1,2022-07-25,2022-07-31,2022
"Escorts",0,2022-07-25,2022-07-31,2022
"Fire responses",0,2022-07-25,2022-07-31,2022
"Foot patrols",215,2022-07-25,2022-07-31,2022
"Held door checks",1,2022-07-25,2022-07-31,2022
"Maintenance issue responses",0,2022-07-25,2022-07-31,2022
"Medical assistance responses",0,2022-07-25,2022-07-31,2022
"Noise complaint responses",0,2022-07-25,2022-07-31,2022
"Suspicious circumstance responses",16,2022-07-25,2022-07-31,2022
"Theft reports taken",2,2022-07-25,2022-07-31,2022
"Unlocks",30,2022-07-25,2022-07-31,2022
"Vehicle patrols",188,2022-07-25,2022-07-31,2022
"Vehicle assistance responses",1,2022-07-25,2022-07-31,2022
"Welfare check responses",0,2022-07-25,2022-07-31,2022
"Alarm checks",5,2022-07-18,2022-07-24,2022
"Animal issue responses",0,2022-07-18,2022-07-24,2022
"AOD interactions",1,2022-07-18,2022-07-24,2022
"Building patrols",134,2022-07-18,2022-07-24,2022
"Candle/incense violation interactions",0,2022-07-18,2022-07-24,2022
"Community assistance responses",1,2022-07-18,2022-07-24,2022
"Escorts",1,2022-07-18,2022-07-24,2022
"Fire responses",0,2022-07-18,2022-07-24,2022
"Foot patrols",201,2022-07-18,2022-07-24,2022
"Held door checks",2,2022-07-18,2022-07-24,2022
"Maintenance issue responses",3,2022-07-18,2022-07-24,2022
"Medical assistance responses",2,2022-07-18,2022-07-24,2022
"Noise complaint responses",0,2022-07-18,2022-07-24,2022
"Suspicious circumstance responses",18,2022-07-18,2022-07-24,2022
"Theft reports taken",2,2022-07-18,2022-07-24,2022
"Unlocks",16,2022-07-18,2022-07-24,2022
"Vehicle patrols",2,2022-07-18,2022-07-24,2022
"Vehicle assistance responses",1,2022-07-18,2022-07-24,2022
"Welfare check responses",2,2022-07-18,2022-07-24,2022
"Alarm checks",8,2022-07-11,2022-07-17,2022
"Animal issue responses",0,2022-07-11,2022-07-17,2022
"AOD interactions",3,2022-07-11,2022-07-17,2022
"Building patrols",145,2022-07-11,2022-07-17,2022
"Candle/incense violation interactions",0,2022-07-11,2022-07-17,2022
"Community assistance responses",3,2022-07-11,2022-07-17,2022
"Escorts",1,2022-07-11,2022-07-17,2022
"Fire responses",0,2022-07-11,2022-07-17,2022
"Foot patrols",265,2022-07-11,2022-07-17,2022
"Held door checks",14,2022-07-11,2022-07-17,2022
"Maintenance issue responses",6,2022-07-11,2022-07-17,2022
"Medical assistance responses",2,2022-07-11,2022-07-17,2022
"Noise complaint responses",0,2022-07-11,2022-07-17,2022
"Suspicious circumstance responses",12,2022-07-11,2022-07-17,2022
"Theft reports taken",0,2022-07-11,2022-07-17,2022
"Unlocks",56,2022-07-11,2022-07-17,2022
"Vehicle patrols",185,2022-07-11,2022-07-17,2022
"Vehicle assistance responses",0,2022-07-11,2022-07-17,2022
"Welfare check responses",0,2022-07-11,2022-07-17,2022
"Alarm checks",7,2022-07-04,2022-07-10,2022
"Animal issue responses",0,2022-07-04,2022-07-10,2022
"AOD interactions",0,2022-07-04,2022-07-10,2022
"Building patrols",169,2022-07-04,2022-07-10,2022
"Candle/incense violation interactions",0,2022-07-04,2022-07-10,2022
"Community assistance responses",0,2022-07-04,2022-07-10,2022
"Escorts",4,2022-07-04,2022-07-10,2022
"Fire responses",0,2022-07-04,2022-07-10,2022
"Foot patrols",308,2022-07-04,2022-07-10,2022
"Held door checks",7,2022-07-04,2022-07-10,2022
"Maintenance issue responses",0,2022-07-04,2022-07-10,2022
"Medical assistance responses",0,2022-07-04,2022-07-10,2022
"Noise complaint responses",0,2022-07-04,2022-07-10,2022
"Suspicious circumstance responses",11,2022-07-04,2022-07-10,2022
"Theft reports taken",0,2022-07-04,2022-07-10,2022
"Unlocks",50,2022-07-04,2022-07-10,2022
"Vehicle patrols",248,2022-07-04,2022-07-10,2022
"Vehicle assistance responses",0,2022-07-04,2022-07-10,2022
"Welfare check responses",0,2022-07-04,2022-07-10,2022
"Alarm checks",6,2022-06-27,2022-07-03,2022
"Animal issue responses",0,2022-06-27,2022-07-03,2022
"AOD interactions",0,2022-06-27,2022-07-03,2022
"Building patrols",142,2022-06-27,2022-07-03,2022
"Candle/incense violation interactions",0,2022-06-27,2022-07-03,2022
"Community assistance responses",0,2022-06-27,2022-07-03,2022
"Escorts",0,2022-06-27,2022-07-03,2022
"Fire responses",0,2022-06-27,2022-07-03,2022
"Foot patrols",225,2022-06-27,2022-07-03,2022
"Held door checks",4,2022-06-27,2022-07-03,2022
"Maintenance issue responses",0,2022-06-27,2022-07-03,2022
"Medical assistance responses",0,2022-06-27,2022-07-03,2022
"Noise complaint responses",1,2022-06-27,2022-07-03,2022
"Suspicious circumstance responses",9,2022-06-27,2022-07-03,2022
"Theft reports taken",0,2022-06-27,2022-07-03,2022
"Unlocks",49,2022-06-27,2022-07-03,2022
"Vehicle patrols",191,2022-06-27,2022-07-03,2022
"Vehicle assistance responses",0,2022-06-27,2022-07-03,2022
"Welfare check responses",0,2022-06-27,2022-07-03,2022
"Alarm checks",5,2022-06-20,2022-06-26,2022
"Animal issue responses",0,2022-06-20,2022-06-26,2022
"AOD interactions",0,2022-06-20,2022-06-26,2022
"Building patrols",132,2022-06-20,2022-06-26,2022
"Candle/incense violation interactions",0,2022-06-20,2022-06-26,2022
"Community assistance responses",2,2022-06-20,2022-06-26,2022
"Escorts",0,2022-06-20,2022-06-26,2022
"Fire responses",0,2022-06-20,2022-06-26,2022
"Foot patrols",259,2022-06-20,2022-06-26,2022
"Held door checks",11,2022-06-20,2022-06-26,2022
"Maintenance issue responses",0,2022-06-20,2022-06-26,2022
"Medical assistance responses",0,2022-06-20,2022-06-26,2022
"Noise complaint responses",0,2022-06-20,2022-06-26,2022
"Suspicious circumstance responses",5,2022-06-20,2022-06-26,2022
"Theft reports taken",0,2022-06-20,2022-06-26,2022
"Unlocks",37,2022-06-20,2022-06-26,2022
"Vehicle patrols",200,2022-06-20,2022-06-26,2022
"Vehicle assistance responses",1,2022-06-20,2022-06-26,2022
"Welfare check responses",0,2022-06-20,2022-06-26,2022
"Alarm checks",7,2022-06-13,2022-06-19,2022
"Animal issue responses",0,2022-06-13,2022-06-19,2022
"AOD interactions",0,2022-06-13,2022-06-19,2022
"Building patrols",152,2022-06-13,2022-06-19,2022
"Candle/incense violation interactions",0,2022-06-13,2022-06-19,2022
"Community assistance responses",0,2022-06-13,2022-06-19,2022
"Escorts",1,2022-06-13,2022-06-19,2022
"Fire responses",0,2022-06-13,2022-06-19,2022
"Foot patrols",256,2022-06-13,2022-06-19,2022
"Held door checks",3,2022-06-13,2022-06-19,2022
"Maintenance issue responses",2,2022-06-13,2022-06-19,2022
"Medical assistance responses",0,2022-06-13,2022-06-19,2022
"Noise complaint responses",0,2022-06-13,2022-06-19,2022
"Suspicious circumstance responses",5,2022-06-13,2022-06-19,2022
"Theft reports taken",3,2022-06-13,2022-06-19,2022
"Unlocks",20,2022-06-13,2022-06-19,2022
"Vehicle patrols",152,2022-06-13,2022-06-19,2022
"Vehicle assistance responses",0,2022-06-13,2022-06-19,2022
"Welfare check responses",0,2022-06-13,2022-06-19,2022
"Alarm checks",6,2022-06-06,2022-06-12,2022
"Animal issue responses",0,2022-06-06,2022-06-12,2022
"AOD interactions",0,2022-06-06,2022-06-12,2022
"Building patrols",184,2022-06-06,2022-06-12,2022
"Candle/incense violation interactions",0,2022-06-06,2022-06-12,2022
"Community assistance responses",0,2022-06-06,2022-06-12,2022
"Escorts",5,2022-06-06,2022-06-12,2022
"Fire responses",1,2022-06-06,2022-06-12,2022
"Foot patrols",282,2022-06-06,2022-06-12,2022
"Held door checks",9,2022-06-06,2022-06-12,2022
"Maintenance issue responses",2,2022-06-06,2022-06-12,2022
"Medical assistance responses",0,2022-06-06,2022-06-12,2022
"Noise complaint responses",1,2022-06-06,2022-06-12,2022
"Suspicious circumstance responses",18,2022-06-06,2022-06-12,2022
"Theft reports taken",0,2022-06-06,2022-06-12,2022
"Unlocks",59,2022-06-06,2022-06-12,2022
"Vehicle patrols",205,2022-06-06,2022-06-12,2022
"Vehicle assistance responses",3,2022-06-06,2022-06-12,2022
"Welfare check responses",0,2022-06-06,2022-06-12,2022
"Alarm checks",8,2022-05-30,2022-06-05,2022
"Animal issue responses",0,2022-05-30,2022-06-05,2022
"AOD interactions",0,2022-05-30,2022-06-05,2022
"Building patrols",219,2022-05-30,2022-06-05,2022
"Candle/incense violation interactions",0,2022-05-30,2022-06-05,2022
"Community assistance responses",1,2022-05-30,2022-06-05,2022
"Escorts",1,2022-05-30,2022-06-05,2022
"Fire responses",0,2022-05-30,2022-06-05,2022
"Foot patrols",237,2022-05-30,2022-06-05,2022
"Held door checks",2,2022-05-30,2022-06-05,2022
"Maintenance issue responses",0,2022-05-30,2022-06-05,2022
"Medical assistance responses",0,2022-05-30,2022-06-05,2022
"Noise complaint responses",0,2022-05-30,2022-06-05,2022
"Suspicious circumstance responses",14,2022-05-30,2022-06-05,2022
"Theft reports taken",0,2022-05-30,2022-06-05,2022
"Unlocks",22,2022-05-30,2022-06-05,2022
"Vehicle patrols",150,2022-05-30,2022-06-05,2022
"Vehicle assistance responses",2,2022-05-30,2022-06-05,2022
"Welfare check responses",1,2022-05-30,2022-06-05,2022
"Alarm checks",6,2022-05-23,2022-05-29,2022
"Animal issue responses",0,2022-05-23,2022-05-29,2022
"AOD interactions",1,2022-05-23,2022-05-29,2022
"Building patrols",192,2022-05-23,2022-05-29,2022
"Candle/incense violation interactions",0,2022-05-23,2022-05-29,2022
"Community assistance responses",2,2022-05-23,2022-05-29,2022
"Escorts",0,2022-05-23,2022-05-29,2022
"Fire responses",0,2022-05-23,2022-05-29,2022
"Foot patrols",260,2022-05-23,2022-05-29,2022
"Held door checks",3,2022-05-23,2022-05-29,2022
"Maintenance issue responses",0,2022-05-23,2022-05-29,2022
"Medical assistance responses",0,2022-05-23,2022-05-29,2022
"Noise complaint responses",1,2022-05-23,2022-05-29,2022
"Suspicious circumstance responses",19,2022-05-23,2022-05-29,2022
"Theft reports taken",1,2022-05-23,2022-05-29,2022
"Unlocks",24,2022-05-23,2022-05-29,2022
"Vehicle patrols",175,2022-05-23,2022-05-29,2022
"Vehicle assistance responses",0,2022-05-23,2022-05-29,2022
"Welfare check responses",0,2022-05-23,2022-05-29,2022
"Alarm checks",5,2022-05-16,2022-05-22,2022
"Animal issue responses",0,2022-05-16,2022-05-22,2022
"AOD interactions",3,2022-05-16,2022-05-22,2022
"Building patrols",209,2022-05-16,2022-05-22,2022
"Candle/incense violation interactions",0,2022-05-16,2022-05-22,2022
"Community assistance responses",5,2022-05-16,2022-05-22,2022
"Escorts",3,2022-05-16,2022-05-22,2022
"Fire responses",0,2022-05-16,2022-05-22,2022
"Foot patrols",313,2022-05-16,2022-05-22,2022
"Held door checks",5,2022-05-16,2022-05-22,2022
"Maintenance issue responses",3,2022-05-16,2022-05-22,2022
"Medical assistance responses",1,2022-05-16,2022-05-22,2022
"Noise complaint responses",0,2022-05-16,2022-05-22,2022
"Suspicious circumstance responses",16,2022-05-16,2022-05-22,2022
"Theft reports taken",1,2022-05-16,2022-05-22,2022
"Unlocks",47,2022-05-16,2022-05-22,2022
"Vehicle patrols",207,2022-05-16,2022-05-22,2022
"Vehicle assistance responses",3,2022-05-16,2022-05-22,2022
"Welfare check responses",1,2022-05-16,2022-05-22,2022
"Alarm checks",16,2022-05-09,2022-05-15,2022
"Animal issue responses",0,2022-05-09,2022-05-15,2022
"AOD interactions",0,2022-05-09,2022-05-15,2022
"Building patrols",134,2022-05-09,2022-05-15,2022
"Candle/incense violation interactions",0,2022-05-09,2022-05-15,2022
"Community assistance responses",2,2022-05-09,2022-05-15,2022
"Escorts",2,2022-05-09,2022-05-15,2022
"Fire responses",0,2022-05-09,2022-05-15,2022
"Foot patrols",372,2022-05-09,2022-05-15,2022
"Held door checks",10,2022-05-09,2022-05-15,2022
"Maintenance issue responses",4,2022-05-09,2022-05-15,2022
"Medical assistance responses",3,2022-05-09,2022-05-15,2022
"Noise complaint responses",0,2022-05-09,2022-05-15,2022
"Suspicious circumstance responses",4,2022-05-09,2022-05-15,2022
"Theft reports taken",1,2022-05-09,2022-05-15,2022
"Unlocks",74,2022-05-09,2022-05-15,2022
"Vehicle patrols",227,2022-05-09,2022-05-15,2022
"Vehicle assistance responses",3,2022-05-09,2022-05-15,2022
"Welfare check responses",0,2022-05-09,2022-05-15,2022
"Alarm checks",9,2022-05-02,2022-05-08,2022
"Animal issue responses",0,2022-05-02,2022-05-08,2022
"AOD interactions",0,2022-05-02,2022-05-08,2022
"Building patrols",123,2022-05-02,2022-05-08,2022
"Candle/incense violation interactions",0,2022-05-02,2022-05-08,2022
"Community assistance responses",2,2022-05-02,2022-05-08,2022
"Escorts",5,2022-05-02,2022-05-08,2022
"Fire responses",0,2022-05-02,2022-05-08,2022
"Foot patrols",281,2022-05-02,2022-05-08,2022
"Held door checks",3,2022-05-02,2022-05-08,2022
"Maintenance issue responses",1,2022-05-02,2022-05-08,2022
"Medical assistance responses",1,2022-05-02,2022-05-08,2022
"Noise complaint responses",3,2022-05-02,2022-05-08,2022
"Suspicious circumstance responses",11,2022-05-02,2022-05-08,2022
"Theft reports taken",0,2022-05-02,2022-05-08,2022
"Unlocks",61,2022-05-02,2022-05-08,2022
"Vehicle patrols",240,2022-05-02,2022-05-08,2022
"Vehicle assistance responses",1,2022-05-02,2022-05-08,2022
"Welfare check responses",0,2022-05-02,2022-05-08,2022
"Alarm checks",9,2022-04-25,2022-05-01,2022
"Animal issue responses",0,2022-04-25,2022-05-01,2022
"AOD interactions",14,2022-04-25,2022-05-01,2022
"Building patrols",107,2022-04-25,2022-05-01,2022
"Candle/incense violation interactions",0,2022-04-25,2022-05-01,2022
"Community assistance responses",5,2022-04-25,2022-05-01,2022
"Escorts",5,2022-04-25,2022-05-01,2022
"Fire responses",0,2022-04-25,2022-05-01,2022
"Foot patrols",409,2022-04-25,2022-05-01,2022
"Held door checks",20,2022-04-25,2022-05-01,2022
"Maintenance issue responses",6,2022-04-25,2022-05-01,2022
"Medical assistance responses",4,2022-04-25,2022-05-01,2022
"Noise complaint responses",1,2022-04-25,2022-05-01,2022
"Suspicious circumstance responses",22,2022-04-25,2022-05-01,2022
"Theft reports taken",0,2022-04-25,2022-05-01,2022
"Unlocks",85,2022-04-25,2022-05-01,2022
"Vehicle patrols",241,2022-04-25,2022-05-01,2022
"Vehicle assistance responses",0,2022-04-25,2022-05-01,2022
"Welfare check responses",2,2022-04-25,2022-05-01,2022
"Alarm checks",11,2022-04-18,2022-04-24,2022
"Animal issue responses",0,2022-04-18,2022-04-24,2022
"AOD interactions",1,2022-04-18,2022-04-24,2022
"Building patrols",129,2022-04-18,2022-04-24,2022
"Candle/incense violation interactions",0,2022-04-18,2022-04-24,2022
"Community assistance responses",3,2022-04-18,2022-04-24,2022
"Escorts",3,2022-04-18,2022-04-24,2022
"Fire responses",0,2022-04-18,2022-04-24,2022
"Foot patrols",284,2022-04-18,2022-04-24,2022
"Held door checks",11,2022-04-18,2022-04-24,2022
"Maintenance issue responses",4,2022-04-18,2022-04-24,2022
"Medical assistance responses",4,2022-04-18,2022-04-24,2022
"Noise complaint responses",3,2022-04-18,2022-04-24,2022
"Suspicious circumstance responses",12,2022-04-18,2022-04-24,2022
"Theft reports taken",0,2022-04-18,2022-04-24,2022
"Unlocks",67,2022-04-18,2022-04-24,2022
"Vehicle patrols",231,2022-04-18,2022-04-24,2022
"Vehicle assistance responses",2,2022-04-18,2022-04-24,2022
"Welfare check responses",0,2022-04-18,2022-04-24,2022
"Alarm checks",6,2022-03-28,2022-04-03,2022
"Animal issue responses",0,2022-03-28,2022-04-03,2022
"AOD interactions",1,2022-03-28,2022-04-03,2022
"Building patrols",179,2022-03-28,2022-04-03,2022
"Candle/incense violation interactions",0,2022-03-28,2022-04-03,2022
"Community assistance responses",2,2022-03-28,2022-04-03,2022
"Escorts",4,2022-03-28,2022-04-03,2022
"Fire responses",0,2022-03-28,2022-04-03,2022
"Foot patrols",368,2022-03-28,2022-04-03,2022
"Held door checks",7,2022-03-28,2022-04-03,2022
"Maintenance issue responses",1,2022-03-28,2022-04-03,2022
"Medical assistance responses",9,2022-03-28,2022-04-03,2022
"Noise complaint responses",1,2022-03-28,2022-04-03,2022
"Suspicious circumstance responses",21,2022-03-28,2022-04-03,2022
"Theft reports taken",3,2022-03-28,2022-04-03,2022
"Unlocks",90,2022-03-28,2022-04-03,2022
"Vehicle patrols",311,2022-03-28,2022-04-03,2022
"Vehicle assistance responses",3,2022-03-28,2022-04-03,2022
"Welfare check responses",1,2022-03-28,2022-04-03,2022
"Alarm checks",7,2022-03-21,2022-03-27,2022
"Animal issue responses",0,2022-03-21,2022-03-27,2022
"AOD interactions",0,2022-03-21,2022-03-27,2022
"Building patrols",174,2022-03-21,2022-03-27,2022
"Candle/incense violation interactions",0,2022-03-21,2022-03-27,2022
"Community assistance responses",0,2022-03-21,2022-03-27,2022
"Escorts",1,2022-03-21,2022-03-27,2022
"Fire responses",0,2022-03-21,2022-03-27,2022
"Foot patrols",329,2022-03-21,2022-03-27,2022
"Held door checks",5,2022-03-21,2022-03-27,2022
"Maintenance issue responses",2,2022-03-21,2022-03-27,2022
"Medical assistance responses",0,2022-03-21,2022-03-27,2022
"Noise complaint responses",0,2022-03-21,2022-03-27,2022
"Suspicious circumstance responses",11,2022-03-21,2022-03-27,2022
"Theft reports taken",1,2022-03-21,2022-03-27,2022
"Unlocks",46,2022-03-21,2022-03-27,2022
"Vehicle patrols",255,2022-03-21,2022-03-27,2022
"Vehicle assistance responses",1,2022-03-21,2022-03-27,2022
"Welfare check responses",NA,2022-03-21,2022-03-27,2022
"Alarm checks",8,2022-03-07,2022-03-13,2022
"Animal issue responses",0,2022-03-07,2022-03-13,2022
"AOD interactions",2,2022-03-07,2022-03-13,2022
"Building patrols",166,2022-03-07,2022-03-13,2022
"Candle/incense violation interactions",0,2022-03-07,2022-03-13,2022
"Community assistance responses",0,2022-03-07,2022-03-13,2022
"Escorts",1,2022-03-07,2022-03-13,2022
"Fire responses",0,2022-03-07,2022-03-13,2022
"Foot patrols",441,2022-03-07,2022-03-13,2022
"Held door checks",2,2022-03-07,2022-03-13,2022
"Maintenance issue responses",0,2022-03-07,2022-03-13,2022
"Medical assistance responses",1,2022-03-07,2022-03-13,2022
"Noise complaint responses",0,2022-03-07,2022-03-13,2022
"Suspicious circumstance responses",5,2022-03-07,2022-03-13,2022
"Theft reports taken",0,2022-03-07,2022-03-13,2022
"Unlocks",67,2022-03-07,2022-03-13,2022
"Vehicle patrols",241,2022-03-07,2022-03-13,2022
"Vehicle assistance responses",4,2022-03-07,2022-03-13,2022
"Welfare check responses",0,2022-03-07,2022-03-13,2022
"Alarm checks",8,2022-02-28,2022-03-06,2022
"Animal issue responses",0,2022-02-28,2022-03-06,2022
"AOD interactions",2,2022-02-28,2022-03-06,2022
"Building patrols",172,2022-02-28,2022-03-06,2022
"Candle/incense violation interactions",0,2022-02-28,2022-03-06,2022
"Community assistance responses",0,2022-02-28,2022-03-06,2022
"Escorts",5,2022-02-28,2022-03-06,2022
"Fire responses",0,2022-02-28,2022-03-06,2022
"Foot patrols",349,2022-02-28,2022-03-06,2022
"Held door checks",11,2022-02-28,2022-03-06,2022
"Maintenance issue responses",2,2022-02-28,2022-03-06,2022
"Medical assistance responses",2,2022-02-28,2022-03-06,2022
"Noise complaint responses",1,2022-02-28,2022-03-06,2022
"Suspicious circumstance responses",16,2022-02-28,2022-03-06,2022
"Theft reports taken",1,2022-02-28,2022-03-06,2022
"Unlocks",74,2022-02-28,2022-03-06,2022
"Vehicle patrols",254,2022-02-28,2022-03-06,2022
"Vehicle assistance responses",6,2022-02-28,2022-03-06,2022
"Welfare check responses",0,2022-02-28,2022-03-06,2022
"Alarm checks",9,2022-02-21,2022-02-27,2022
"Animal issue responses",0,2022-02-21,2022-02-27,2022
"AOD interactions",1,2022-02-21,2022-02-27,2022
"Building patrols",161,2022-02-21,2022-02-27,2022
"Candle/incense violation interactions",0,2022-02-21,2022-02-27,2022
"Community assistance responses",0,2022-02-21,2022-02-27,2022
"Escorts",5,2022-02-21,2022-02-27,2022
"Fire responses",0,2022-02-21,2022-02-27,2022
"Foot patrols",291,2022-02-21,2022-02-27,2022
"Held door checks",3,2022-02-21,2022-02-27,2022
"Maintenance issue responses",5,2022-02-21,2022-02-27,2022
"Medical assistance responses",3,2022-02-21,2022-02-27,2022
"Noise complaint responses",0,2022-02-21,2022-02-27,2022
"Suspicious circumstance responses",14,2022-02-21,2022-02-27,2022
"Theft reports taken",5,2022-02-21,2022-02-27,2022
"Unlocks",95,2022-02-21,2022-02-27,2022
"Vehicle patrols",243,2022-02-21,2022-02-27,2022
"Vehicle assistance responses",3,2022-02-21,2022-02-27,2022
"Welfare check responses",1,2022-02-21,2022-02-27,2022
"Alarm checks",9,2022-02-14,2022-02-20,2022
"Animal issue responses",1,2022-02-14,2022-02-20,2022
"AOD interactions",0,2022-02-14,2022-02-20,2022
"Building patrols",156,2022-02-14,2022-02-20,2022
"Candle/incense violation interactions",0,2022-02-14,2022-02-20,2022
"Community assistance responses",1,2022-02-14,2022-02-20,2022
"Escorts",3,2022-02-14,2022-02-20,2022
"Fire responses",0,2022-02-14,2022-02-20,2022
"Foot patrols",343,2022-02-14,2022-02-20,2022
"Held door checks",4,2022-02-14,2022-02-20,2022
"Maintenance issue responses",1,2022-02-14,2022-02-20,2022
"Medical assistance responses",4,2022-02-14,2022-02-20,2022
"Noise complaint responses",3,2022-02-14,2022-02-20,2022
"Suspicious circumstance responses",13,2022-02-14,2022-02-20,2022
"Theft reports taken",0,2022-02-14,2022-02-20,2022
"Unlocks",63,2022-02-14,2022-02-20,2022
"Vehicle patrols",256,2022-02-14,2022-02-20,2022
"Vehicle assistance responses",6,2022-02-14,2022-02-20,2022
"Welfare check responses",2,2022-02-14,2022-02-20,2022
"Alarm checks",8,2022-02-07,2022-02-13,2022
"Animal issue responses",0,2022-02-07,2022-02-13,2022
"AOD interactions",0,2022-02-07,2022-02-13,2022
"Building patrols",156,2022-02-07,2022-02-13,2022
"Candle/incense violation interactions",0,2022-02-07,2022-02-13,2022
"Community assistance responses",0,2022-02-07,2022-02-13,2022
"Escorts",2,2022-02-07,2022-02-13,2022
"Fire responses",0,2022-02-07,2022-02-13,2022
"Foot patrols",429,2022-02-07,2022-02-13,2022
"Held door checks",6,2022-02-07,2022-02-13,2022
"Maintenance issue responses",0,2022-02-07,2022-02-13,2022
"Medical assistance responses",0,2022-02-07,2022-02-13,2022
"Noise complaint responses",1,2022-02-07,2022-02-13,2022
"Suspicious circumstance responses",17,2022-02-07,2022-02-13,2022
"Theft reports taken",0,2022-02-07,2022-02-13,2022
"Unlocks",74,2022-02-07,2022-02-13,2022
"Vehicle patrols",281,2022-02-07,2022-02-13,2022
"Vehicle assistance responses",6,2022-02-07,2022-02-13,2022
"Welfare check responses",0,2022-02-07,2022-02-13,2022
"Alarm checks",11,2022-01-31,2022-02-06,2022
"Animal issue responses",0,2022-01-31,2022-02-06,2022
"AOD interactions",0,2022-01-31,2022-02-06,2022
"Building patrols",138,2022-01-31,2022-02-06,2022
"Candle/incense violation interactions",0,2022-01-31,2022-02-06,2022
"Community assistance responses",0,2022-01-31,2022-02-06,2022
"Escorts",2,2022-01-31,2022-02-06,2022
"Fire responses",0,2022-01-31,2022-02-06,2022
"Foot patrols",339,2022-01-31,2022-02-06,2022
"Held door checks",3,2022-01-31,2022-02-06,2022
"Maintenance issue responses",1,2022-01-31,2022-02-06,2022
"Medical assistance responses",1,2022-01-31,2022-02-06,2022
"Noise complaint responses",2,2022-01-31,2022-02-06,2022
"Suspicious circumstance responses",9,2022-01-31,2022-02-06,2022
"Theft reports taken",0,2022-01-31,2022-02-06,2022
"Unlocks",63,2022-01-31,2022-02-06,2022
"Vehicle patrols",220,2022-01-31,2022-02-06,2022
"Vehicle assistance responses",4,2022-01-31,2022-02-06,2022
"Welfare check responses",0,2022-01-31,2022-02-06,2022
"Alarm checks",5,2022-01-24,2022-01-30,2022
"Animal issue responses",0,2022-01-24,2022-01-30,2022
"AOD interactions",1,2022-01-24,2022-01-30,2022
"Building patrols",152,2022-01-24,2022-01-30,2022
"Candle/incense violation interactions",0,2022-01-24,2022-01-30,2022
"Community assistance responses",1,2022-01-24,2022-01-30,2022
"Escorts",0,2022-01-24,2022-01-30,2022
"Fire responses",0,2022-01-24,2022-01-30,2022
"Foot patrols",418,2022-01-24,2022-01-30,2022
"Held door checks",4,2022-01-24,2022-01-30,2022
"Maintenance issue responses",3,2022-01-24,2022-01-30,2022
"Medical assistance responses",2,2022-01-24,2022-01-30,2022
"Noise complaint responses",0,2022-01-24,2022-01-30,2022
"Suspicious circumstance responses",7,2022-01-24,2022-01-30,2022
"Theft reports taken",2,2022-01-24,2022-01-30,2022
"Unlocks",61,2022-01-24,2022-01-30,2022
"Vehicle patrols",210,2022-01-24,2022-01-30,2022
"Vehicle assistance responses",3,2022-01-24,2022-01-30,2022
"Welfare check responses",0,2022-01-24,2022-01-30,2022
"Alarm checks",7,2022-01-17,2022-01-23,2022
"Animal issue responses",0,2022-01-17,2022-01-23,2022
"AOD interactions",0,2022-01-17,2022-01-23,2022
"Building patrols",172,2022-01-17,2022-01-23,2022
"Candle/incense violation interactions",2,2022-01-17,2022-01-23,2022
"Community assistance responses",0,2022-01-17,2022-01-23,2022
"Escorts",0,2022-01-17,2022-01-23,2022
"Fire responses",0,2022-01-17,2022-01-23,2022
"Foot patrols",427,2022-01-17,2022-01-23,2022
"Held door checks",5,2022-01-17,2022-01-23,2022
"Maintenance issue responses",0,2022-01-17,2022-01-23,2022
"Medical assistance responses",0,2022-01-17,2022-01-23,2022
"Noise complaint responses",1,2022-01-17,2022-01-23,2022
"Suspicious circumstance responses",18,2022-01-17,2022-01-23,2022
"Theft reports taken",2,2022-01-17,2022-01-23,2022
"Unlocks",83,2022-01-17,2022-01-23,2022
"Vehicle patrols",238,2022-01-17,2022-01-23,2022
"Vehicle assistance responses",5,2022-01-17,2022-01-23,2022
"Welfare check responses",0,2022-01-17,2022-01-23,2022
"Alarm checks",5,2022-01-10,2022-01-16,2022
"Animal issue responses",0,2022-01-10,2022-01-16,2022
"AOD interactions",0,2022-01-10,2022-01-16,2022
"Building patrols",198,2022-01-10,2022-01-16,2022
"Community assistance responses",2,2022-01-10,2022-01-16,2022
"Escorts",1,2022-01-10,2022-01-16,2022
"Fire responses",0,2022-01-10,2022-01-16,2022
"Foot patrols",420,2022-01-10,2022-01-16,2022
"Held door checks",6,2022-01-10,2022-01-16,2022
"Maintenance issue responses",1,2022-01-10,2022-01-16,2022
"Medical assistance responses",0,2022-01-10,2022-01-16,2022
"Noise complaint responses",0,2022-01-10,2022-01-16,2022
"Suspicious circumstance responses",6,2022-01-10,2022-01-16,2022
"Theft reports taken",0,2022-01-10,2022-01-16,2022
"Unlocks",64,2022-01-10,2022-01-16,2022
"Vehicle patrols",295,2022-01-10,2022-01-16,2022
"Vehicle assistance responses",5,2022-01-10,2022-01-16,2022
"Welfare check responses",0,2022-01-10,2022-01-16,2022
"Alarm checks",6,2022-01-03,2022-01-09,2022
"Animal issue responses",0,2022-01-03,2022-01-09,2022
"AOD interactions",0,2022-01-03,2022-01-09,2022
"Building patrols",205,2022-01-03,2022-01-09,2022
"Community assistance responses",0,2022-01-03,2022-01-09,2022
"Escorts",0,2022-01-03,2022-01-09,2022
"Fire responses",0,2022-01-03,2022-01-09,2022
"Foot patrols",398,2022-01-03,2022-01-09,2022
"Held door checks",7,2022-01-03,2022-01-09,2022
"Maintenance issue responses",0,2022-01-03,2022-01-09,2022
"Medical assistance responses",3,2022-01-03,2022-01-09,2022
"Noise complaint responses",0,2022-01-03,2022-01-09,2022
"Suspicious circumstance responses",10,2022-01-03,2022-01-09,2022
"Theft reports taken",0,2022-01-03,2022-01-09,2022
"Unlocks",33,2022-01-03,2022-01-09,2022
"Vehicle patrols",250,2022-01-03,2022-01-09,2022
"Vehicle assistance responses",1,2022-01-03,2022-01-09,2022
"Welfare check responses",0,2022-01-03,2022-01-09,2022
"Alarm checks",8,2021-12-27,2022-01-02,2021
"Animal issue responses",0,2021-12-27,2022-01-02,2021
"AOD interactions",0,2021-12-27,2022-01-02,2021
"Building patrols",204,2021-12-27,2022-01-02,2021
"Community assistance responses",0,2021-12-27,2022-01-02,2021
"Escorts",0,2021-12-27,2022-01-02,2021
"Fire responses",0,2021-12-27,2022-01-02,2021
"Foot patrols",316,2021-12-27,2022-01-02,2021
"Held door checks",0,2021-12-27,2022-01-02,2021
"Maintenance issue responses",1,2021-12-27,2022-01-02,2021
"Medical assistance responses",0,2021-12-27,2022-01-02,2021
"Noise complaint responses",0,2021-12-27,2022-01-02,2021
"Suspicious circumstance responses",12,2021-12-27,2022-01-02,2021
"Theft reports taken",0,2021-12-27,2022-01-02,2021
"Unlocks",23,2021-12-27,2022-01-02,2021
"Vehicle patrols",273,2021-12-27,2022-01-02,2021
"Vehicle assistance responses",1,2021-12-27,2022-01-02,2021
"Welfare check responses",0,2021-12-27,2022-01-02,2021
"Alarm checks",3,NA,2021-12-26,NA
"Animal issue responses",0,NA,2021-12-26,NA
"AOD interactions",0,NA,2021-12-26,NA
"Building patrols",195,NA,2021-12-26,NA
"Community assistance responses",0,NA,2021-12-26,NA
"Escorts",0,NA,2021-12-26,NA
"Fire responses",0,NA,2021-12-26,NA
"Foot patrols",372,NA,2021-12-26,NA
"Held door checks",6,NA,2021-12-26,NA
"Maintenance issue responses",2,NA,2021-12-26,NA
"Medical assistance responses",0,NA,2021-12-26,NA
"Noise complaint responses",0,NA,2021-12-26,NA
"Suspicious circumstance responses",7,NA,2021-12-26,NA
"Theft reports taken",0,NA,2021-12-26,NA
"Unlocks",30,NA,2021-12-26,NA
"Vehicle patrols",238,NA,2021-12-26,NA
"Vehicle assistance responses",1,NA,2021-12-26,NA
"Welfare check responses",0,NA,2021-12-26,NA
"Alarm checks",3,NA,2021-12-19,NA
"Animal issue responses",0,NA,2021-12-19,NA
"AOD interactions",2,NA,2021-12-19,NA
"Building patrols",228,NA,2021-12-19,NA
"Community assistance responses",4,NA,2021-12-19,NA
"Escorts",3,NA,2021-12-19,NA
"Fire responses",0,NA,2021-12-19,NA
"Foot patrols",388,NA,2021-12-19,NA
"Held door checks",16,NA,2021-12-19,NA
"Maintenance issue responses",4,NA,2021-12-19,NA
"Medical assistance responses",4,NA,2021-12-19,NA
"Noise complaint responses",0,NA,2021-12-19,NA
"Suspicious circumstance responses",8,NA,2021-12-19,NA
"Theft reports taken",0,NA,2021-12-19,NA
"Unlocks",57,NA,2021-12-19,NA
"Vehicle patrols",256,NA,2021-12-19,NA
"Vehicle assistance responses",4,NA,2021-12-19,NA
"Welfare check responses",0,NA,2021-12-19,NA
"Alarm checks",3,NA,2021-12-12,NA
"Animal issue responses",1,NA,2021-12-12,NA
"AOD interactions",0,NA,2021-12-12,NA
"Building patrols",252,NA,2021-12-12,NA
"Community assistance responses",2,NA,2021-12-12,NA
"Escorts",8,NA,2021-12-12,NA
"Fire responses",0,NA,2021-12-12,NA
"Foot patrols",387,NA,2021-12-12,NA
"Held door checks",13,NA,2021-12-12,NA
"Maintenance issue responses",2,NA,2021-12-12,NA
"Medical assistance responses",2,NA,2021-12-12,NA
"Noise complaint responses",1,NA,2021-12-12,NA
"Suspicious circumstance responses",14,NA,2021-12-12,NA
"Theft reports taken",3,NA,2021-12-12,NA
"Unlocks",63,NA,2021-12-12,NA
"Vehicle patrols",306,NA,2021-12-12,NA
"Vehicle assistance responses",1,NA,2021-12-12,NA
"Welfare check responses",0,NA,2021-12-12,NA
"Alarm checks",5,NA,2021-12-05,NA
"Animal issue responses",1,NA,2021-12-05,NA
"AOD interactions",1,NA,2021-12-05,NA
"Building patrols",227,NA,2021-12-05,NA
"Community assistance responses",5,NA,2021-12-05,NA
"Escorts",4,NA,2021-12-05,NA
"Fire responses",0,NA,2021-12-05,NA
"Foot patrols",392,NA,2021-12-05,NA
"Held door checks",8,NA,2021-12-05,NA
"Maintenance issue responses",2,NA,2021-12-05,NA
"Medical assistance responses",4,NA,2021-12-05,NA
"Noise complaint responses",2,NA,2021-12-05,NA
"Suspicious circumstance responses",14,NA,2021-12-05,NA
"Theft reports taken",0,NA,2021-12-05,NA
"Unlocks",77,NA,2021-12-05,NA
"Vehicle patrols",300,NA,2021-12-05,NA
"Vehicle assistance responses",5,NA,2021-12-05,NA
"Welfare check responses",1,NA,2021-12-05,NA
"Alarm checks",15,NA,2021-11-21,NA
"Animal issue responses",1,NA,2021-11-21,NA
"AOD interactions",1,NA,2021-11-21,NA
"Building patrols",219,NA,2021-11-21,NA
"Community assistance responses",3,NA,2021-11-21,NA
"Escorts",5,NA,2021-11-21,NA
"Fire responses",2,NA,2021-11-21,NA
"Foot patrols",413,NA,2021-11-21,NA
"Held door checks",24,NA,2021-11-21,NA
"Medical assistance responses",4,NA,2021-11-21,NA
"Noise complaint responses",1,NA,2021-11-21,NA
"Suspicious circumstance responses",19,NA,2021-11-21,NA
"Unlocks",75,NA,2021-11-21,NA
"Vehicle patrols",301,NA,2021-11-21,NA
"Vehicle assistance responses",2,NA,2021-11-21,NA
"Alarm checks",9,NA,2021-11-14,NA
"AOD interactions",1,NA,2021-11-14,NA
"Building patrols",247,NA,2021-11-14,NA
"Community assistance responses",1,NA,2021-11-14,NA
"Escorts",7,NA,2021-11-14,NA
"Foot patrols",358,NA,2021-11-14,NA
"Held door checks",20,NA,2021-11-14,NA
"Medical assistance responses",2,NA,2021-11-14,NA
"Noise complaint responses",1,NA,2021-11-14,NA
"Suspicious circumstance responses",13,NA,2021-11-14,NA
"Unlocks",83,NA,2021-11-14,NA
"Vehicle patrols",284,NA,2021-11-14,NA
"Vehicle assistance responses",1,NA,2021-11-14,NA
"Building patrols",236,NA,2021-11-07,NA
"Community assistance responses",1,NA,2021-11-07,NA
"Escorts",5,NA,2021-11-07,NA
"Foot patrols",342,NA,2021-11-07,NA
"Held door checks",28,NA,2021-11-07,NA
"Medical assistance responses",2,NA,2021-11-07,NA
"Noise complaint responses",1,NA,2021-11-07,NA
"Suspicious circumstance responses",13,NA,2021-11-07,NA
"Unlocks",80,NA,2021-11-07,NA
"Vehicle patrols",289,NA,2021-11-07,NA
"Vehicle assistance responses",1,NA,2021-11-07,NA
"Alarm responses",6,NA,2021-10-24,NA
"Animal issue responses",2,NA,2021-10-24,NA
"Building patrols",184,NA,2021-10-24,NA
"Escorts",1,NA,2021-10-24,NA
"Foot patrols",253,NA,2021-10-24,NA
"Held door checks",10,NA,2021-10-24,NA
"Medical assistance responses",2,NA,2021-10-24,NA
"Suspicious circumstance responses",26,NA,2021-10-24,NA
"Unlocks",78,NA,2021-10-24,NA
"Vehicle patrols",210,NA,2021-10-24,NA
"Alarm responses",9,NA,2021-10-17,NA
"Animal issue responses",2,NA,2021-10-17,NA
"Building patrols",131,NA,2021-10-17,NA
"Escorts",1,NA,2021-10-17,NA
"Foot patrols",230,NA,2021-10-17,NA
"Held door checks",14,NA,2021-10-17,NA
"Medical assistance responses",6,NA,2021-10-17,NA
"Suspicious circumstance responses",17,NA,2021-10-17,NA
"Unlocks",84,NA,2021-10-17,NA
"Vehicle patrols",195,NA,2021-10-17,NA
"Vehicle assistance responses",3,NA,2021-10-17,NA
"Building patrols",190,NA,2021-10-10,NA
"Foot patrols",344,NA,2021-10-10,NA
"Vehicle patrols",242,NA,2021-10-10,NA
"Vehicle assistance responses",4,NA,2021-10-10,NA
"Held door checks",16,NA,2021-10-10,NA
"Escorts",1,NA,2021-10-10,NA
"Medical assistance responses",3,NA,2021-10-10,NA
"Unlocks",100,NA,2021-10-10,NA
"Suspicious circumstance responses",27,NA,2021-10-10,NA
"Building patrols",167,NA,2021-10-03,NA
"Foot patrols",308,NA,2021-10-03,NA
"Segway patrols",2,NA,2021-10-03,NA
"Vehicle patrols",197,NA,2021-10-03,NA
"Held door checks",20,NA,2021-10-03,NA
"Escorts",1,NA,2021-10-03,NA
"Unlocks",69,NA,2021-10-03,NA
"Suspicious circumstance responses",12,NA,2021-10-03,NA
